{
  "_fv": 60,
  "_type": "command",
  "definition": {
    "commandName": "particlesetcord",
    "type": "STANDARD",
    "permissionLevel": "4",
    "argsxml": "<xml xmlns=\"https://developers.google.com/blockly/xml\"><block type=\"args_start\" deletable=\"false\" x=\"40\" y=\"40\"><next><block type=\"string\"><field name=\"type\">word</field><field name=\"name\">preset</field><statement name=\"args\"><block type=\"blockpos\"><field name=\"name\">position</field><statement name=\"args\"><block type=\"call_procedure\"><field name=\"procedure\">PresetGeneratorCoords</field></block></statement></block></statement></block></next></block></xml>"
  }
}