{
  "_fv": 60,
  "_type": "command",
  "definition": {
    "commandName": "shockareaex",
    "type": "STANDARD",
    "permissionLevel": "4",
    "argsxml": "<xml xmlns=\"https://developers.google.com/blockly/xml\"><block type=\"args_start\" deletable=\"false\" x=\"40\" y=\"40\"><next><block type=\"number_default\"><field name=\"name\">x_translate</field><statement name=\"args\"><block type=\"number_default\"><field name=\"name\">z_translate</field><statement name=\"args\"><block type=\"call_procedure\"><field name=\"procedure\">ExtendedShockwave</field></block></statement></block></statement></block></next></block></xml>"
  }
}