{"stats":{"minecraft:custom":{"minecraft:time_since_rest":78385,"minecraft:crouch_one_cm":2093,"minecraft:sprint_one_cm":70181,"minecraft:play_time":78385,"minecraft:damage_taken":60,"minecraft:walk_one_cm":80579,"minecraft:sneak_time":1840,"minecraft:mob_kills":3,"minecraft:jump":383,"minecraft:damage_dealt":568,"minecraft:leave_game":83,"minecraft:time_since_death":78385,"minecraft:total_world_time":165264,"minecraft:fall_one_cm":209,"minecraft:fly_one_cm":319562},"minecraft:used":{"minecraft:netherite_sword":4,"minecraft:command_block":4,"minecraft:stone_button":5,"minecraft:grass_block":5,"minecraft:redstone":8,"particlepresets:ice_shard":1,"minecraft:pig_spawn_egg":1,"minecraft:repeating_command_block":4,"minecraft:stone":23,"minecraft:husk_spawn_egg":1},"minecraft:killed":{"minecraft:husk":1,"minecraft:zombie":1,"minecraft:pig":1},"minecraft:picked_up":{"minecraft:porkchop":2,"minecraft:stone_button":1},"minecraft:mined":{"minecraft:grass":2}},"DataVersion":3465}