{"stats":{"minecraft:picked_up":{"minecraft:leather":2,"minecraft:lead":2,"minecraft:porkchop":7,"minecraft:oak_log":2,"minecraft:redstone":1,"minecraft:beef":3,"minecraft:egg":1},"minecraft:dropped":{"minecraft:oak_log":2},"minecraft:killed":{"minecraft:sheep":4,"minecraft:pig":5,"minecraft:chicken":1,"minecraft:cow":2},"minecraft:used":{"minecraft:redstone_torch":1,"minecraft:oak_log":90,"minecraft:glass":9,"minecraft:command_block":19,"minecraft:flint_and_steel":20,"minecraft:red_wool":119,"minecraft:grass_block":22,"minecraft:carrot_on_a_stick":394,"minecraft:redstone":17,"minecraft:oak_button":4,"minecraft:stone_button":1,"minecraft:oak_planks":14,"minecraft:birch_wood":1,"minecraft:redstone_block":2,"particlepresets:testb_spawn_egg":35,"minecraft:diamond_sword":1,"minecraft:repeater":4,"minecraft:dirt":1,"minecraft:bow":36,"minecraft:black_stained_glass":11,"minecraft:tnt":51,"minecraft:bamboo_block":1,"minecraft:repeating_command_block":2,"particlepresets:nuke_ring":7,"particlepresets:testc_spawn_egg":9,"minecraft:stripped_cherry_wood":1,"minecraft:warped_planks":3},"minecraft:custom":{"minecraft:time_since_rest":21408,"minecraft:sprint_one_cm":130940,"minecraft:damage_taken":220,"minecraft:walk_one_cm":212785,"minecraft:mob_kills":12,"minecraft:drop":3,"minecraft:damage_dealt":435,"minecraft:fly_one_cm":1027695,"minecraft:crouch_one_cm":11161,"minecraft:play_time":253950,"minecraft:deaths":2,"minecraft:sneak_time":8720,"minecraft:jump":687,"minecraft:leave_game":203,"minecraft:time_since_death":21358,"minecraft:total_world_time":383966,"minecraft:fall_one_cm":4787}},"DataVersion":3465}