{
	"credit": "Made with Blockbench",
	"parent": "test",
	"textures": {
		"0": "particlepresets:block/iceshard",
		"particle": "particlepresets:block/iceshard"
	},
	"elements": [
		{
			"from": [8, 0, 0],
			"to": [8, 16, 16],
			"faces": {
				"north": {"uv": [3.1875, 1.625, 12.375, 14.5], "texture": "#0"},
				"east": {"uv": [3.1875, 1.625, 12.375, 14.5], "texture": "#0"},
				"south": {"uv": [3.1875, 1.625, 12.375, 14.5], "texture": "#0"},
				"west": {"uv": [3.1875, 1.625, 12.375, 14.5], "texture": "#0"},
				"up": {"uv": [0, 0, 0, 16], "texture": "#missing"},
				"down": {"uv": [0, 0, 0, 16], "texture": "#missing"}
			}
		},
		{
			"from": [0, 0, 8],
			"to": [16, 16, 8],
			"faces": {
				"north": {"uv": [3.1875, 1.625, 12.375, 14.5], "texture": "#0"},
				"east": {"uv": [3.1875, 1.625, 12.375, 14.5], "texture": "#0"},
				"south": {"uv": [3.1875, 1.625, 12.375, 14.5], "texture": "#0"},
				"west": {"uv": [3.1875, 1.625, 12.375, 14.5], "texture": "#0"},
				"up": {"uv": [0, 0, 0, 16], "rotation": 90, "texture": "#missing"},
				"down": {"uv": [0, 0, 0, 16], "rotation": 270, "texture": "#missing"}
			}
		}
	],
	"display": {}
}