{
	"credit": "Made with Blockbench",
	"parent": "nuke_spin",
	"texture_size": [512, 512],
	"textures": {
		"1": "mushroom_ring"
	},
	"elements": [
		{
			"from": [-8, 0, -8],
			"to": [24, 0, 24],
			"rotation": {"angle": 0, "axis": "y", "origin": [8, 0, 8]},
			"faces": {
				"north": {"uv": [0, 3.90625, 1, 3.90625], "texture": "#1"},
				"east": {"uv": [-1, 3.90625, 0, 3.90625], "texture": "#1"},
				"south": {"uv": [2, 3.90625, 3, 3.90625], "texture": "#1"},
				"west": {"uv": [1, 3.90625, 2, 3.90625], "texture": "#1"},
				"up": {"uv": [1, 3.90625, 0, 2.90625], "texture": "#1"},
				"down": {"uv": [2, 2.90625, 1, 3.90625], "texture": "#1"}
			}
		},
		{
			"from": [-8, 0, -8],
			"to": [24, 0, 24],
			"rotation": {"angle": 0, "axis": "z", "origin": [8, 0, 8]},
			"faces": {
				"north": {"uv": [0, 3.90625, 1, 3.90625], "texture": "#1"},
				"east": {"uv": [-1, 3.90625, 0, 3.90625], "texture": "#1"},
				"south": {"uv": [2, 3.90625, 3, 3.90625], "texture": "#1"},
				"west": {"uv": [1, 3.90625, 2, 3.90625], "texture": "#1"},
				"up": {"uv": [1, 3.90625, 0, 2.90625], "texture": "#1"},
				"down": {"uv": [2, 2.90625, 1, 3.90625], "texture": "#1"}
			}
		}
	],
	"groups": [
		{
			"name": "bone",
			"origin": [8, 0, 8],
			"color": 0,
			"children": [
				{
					"name": "rings",
					"origin": [8, 83, 8],
					"color": 0,
					"children": [
						{
							"name": "ring1",
							"origin": [8, 78, 8],
							"color": 0,
							"children": [0, 1]
						}
					]
				}
			]
		}
	]
}